commit	status	ratio_notes	compress_notes	decompress_notes	roundtrip_notes	description
570fb6a	baseline	weighted_ratio=0.2934; silesia ratio level1=1.216, level3=2.121, level9=2.853, level19=3.201	weighted_compress_mb_s=1221.1; silesia_comp level1=749.3 MB/s, level3=205.1 MB/s, level9=20.7 MB/s, level19=3.2 MB/s	weighted_decompress_mb_s=4935.9; silesia_decomp level1=1690.2 MB/s, level3=458.8 MB/s, level9=380.4 MB/s, level19=458.0 MB/s	acceptance=20 passed; silesia_setup=ok; weighted_baseline=ok	baseline for high-level literal-header and decoder-side Huffman follow-up experiments
570fb6a	crash	ratio not measured; Silesia round-trip failed before completing any level	baseline unchanged before gate failure; zstd_rs failed on mozilla at levels 1/3/9/19 while official runs continued	baseline unchanged before gate failure; no trustworthy post-change decompression numbers	acceptance=20 passed; Silesia round-trip failed with `Huffman table error: invalid implied Huffman weight`; experiment reverted	attempt spec-inspired FSE-compressed Huffman weight headers via local NCount and two-state FSE helpers
570fb6a	discard	silesia ratio unchanged at level1=1.216, level3=2.121, level9=2.853; level19 not measured after early stop	silesia_comp level1 749.3 -> 751.1 MB/s (+0.24%), level3 205.1 -> 204.8 MB/s (-0.15%), level9 20.7 -> 20.5 MB/s (-0.97%); weighted skipped after sub-threshold Silesia spread	silesia_decomp level1 1690.2 -> 1662.2 MB/s (-1.66%), level3 458.8 -> 458.9 MB/s (+0.02%), level9 380.4 -> 380.5 MB/s (+0.03%); level19 not measured	acceptance=20 passed; gate2 fail on measured levels; experiment reverted	cache the Huffman decode lookup table inside HuffmanTable for reuse across literal decodes
e040007	baseline	weighted_ratio=0.2293	weighted_compress_mb_s=2189.7; silesia_comp level1=51.1 MB/s, level3=51.1 MB/s, level9=32.9 MB/s, level19=26.1 MB/s	weighted_decompress_mb_s=2553.0; silesia_decomp level1=267.9 MB/s, level3=269.5 MB/s, level9=278.4 MB/s, level19=279.2 MB/s	acceptance=20 passed; cargo_test=ok	baseline
e040007	discard	weighted_ratio unchanged at 0.2293	weighted_compress_mb_s 2189.7 -> 2187.7 (-0.09%)	weighted_decompress_mb_s 2553.0 -> 2536.5 (-0.65%)	acceptance=20 passed; gate1 fail; no Silesia	cache predefined FSE decode tables with OnceLock
e040007	keep	weighted_ratio unchanged at 0.2293; silesia ratio unchanged at level1=2.401, level3=2.401, level9=2.514, level19=2.519	weighted_compress_mb_s 2189.7 -> 2287.4 (+4.46%); silesia_comp level1 51.1 -> 63.0 MB/s (+23.29%), level3 51.1 -> 62.9 MB/s (+23.09%), level9 32.9 -> 37.3 MB/s (+13.37%), level19 26.1 -> 28.9 MB/s (+10.73%)	weighted_decompress_mb_s 2553.0 -> 2602.1 (+1.92%); silesia_decomp level1 267.9 -> 272.1 MB/s (+1.57%), level3 269.5 -> 270.4 MB/s (+0.33%), level9 278.4 -> 281.0 MB/s (+0.93%), level19 279.2 -> 282.2 MB/s (+1.07%)	acceptance=20 passed; cargo_test=ok; gate1 clear; gate2 clear	replace LZ77 event enum path with direct parse sink and precompute sequence code lookups
5d55e74	baseline	all_zeros=26B(0.0%);repetitive=71B(0.1%);binary_structured=578B(0.9%);random=65553B(100.0%)	all_zeros/3=309.43-311.98 MiB/s;repetitive/3=366.84-368.67 MiB/s;binary_structured/3=338.15-338.29 MiB/s;random/1=47.37-48.39 MiB/s	all_zeros/3=678.13-678.30 MiB/s;repetitive/3=1.0638-1.0651 GiB/s;binary_structured/3=1.0499-1.0502 GiB/s;random/1=11.050-11.088 GiB/s	repetitive_level3=273.30-273.50 MiB/s;random_level1=47.917-48.062 MiB/s	baseline
5d55e74	discard	ratio unchanged	all_zeros/3=-2.3% to -2.8%;repetitive/3=-2.4% to -3.0%;binary_structured/3=-7.8% to -8.0%;random/1=flat to +1.3%	all_zeros/3=-0.16% to -0.22%;repetitive/3=flat;binary_structured/3=-0.04% to -0.10%;random/1=+0.29% to +0.48%	repetitive_level3=-1.4%;random_level1=+0.1% to +0.5%	prune candidates using best_len byte check
5d55e74	keep	ratio unchanged: all_zeros=26B;repetitive=71B;binary_structured=578B;random=65553B	all_zeros/3=561.48-563.95 MiB/s;repetitive/3=545.56-545.91 MiB/s;binary_structured/3=484.62-484.82 MiB/s;random/1=47.587-47.698 MiB/s	all_zeros/3=679.21-679.44 MiB/s;repetitive/3=1.0662-1.0675 GiB/s;binary_structured/3=1.0507-1.0513 GiB/s;random/1=11.067-11.070 GiB/s	repetitive_level3=365.00-365.05 MiB/s;random_level1=47.168-47.408 MiB/s	skip sequence self-validation outside debug builds
5d55e74	discard	ratio unchanged	vs kept state: all_zeros/3=-1.6% to -6.2%;repetitive/3=-1.5% to -1.9%;binary_structured/3=-1.1% to -1.5%;random/1=-1.9% to -2.2%	decompress roughly flat	repetitive_level3=-0.5% to -0.9%;random_level1=-1.9% to -2.2%	stream parse events directly into sequence collection
f749a5c	keep	ratio unchanged: all_zeros=26B;repetitive=71B;binary_structured=578B;random=65553B	vs baseline: random/1 compress 47.37-48.39 MiB/s -> 9.7756-9.8633 GiB/s; level-3 structured cases remained in prior kept range	all_zeros/3=674.99-676.54 MiB/s;repetitive/3=1.0533-1.0611 GiB/s;binary_structured/3=1.0502-1.0503 GiB/s;random/1=11.005-11.083 GiB/s	vs baseline: repetitive_level3 273.30-273.50 MiB/s -> 347.21-357.61 MiB/s; random_level1 47.917-48.062 MiB/s -> 5.1963-5.2046 GiB/s	skip compression attempt for sampled incompressible fast blocks
f749a5c	keep	ratio unchanged: all_zeros=26B;repetitive=71B;binary_structured=578B;random=65553B	vs baseline: all_zeros/3 309.43-311.98 MiB/s -> 707.49-716.76 MiB/s; repetitive/3 366.84-368.67 MiB/s -> 692.65-699.29 MiB/s; binary_structured/3 338.15-338.29 MiB/s -> 586.53-601.68 MiB/s; random/1 stayed ~flat vs prior keep at 9.8276-9.8571 GiB/s	all_zeros/3=672.73-674.90 MiB/s;repetitive/3=1.0341-1.0593 GiB/s;binary_structured/3=1.0401-1.0458 GiB/s;random/1=10.841-10.999 GiB/s	vs baseline: repetitive_level3 273.30-273.50 MiB/s -> 411.23-419.36 MiB/s; random_level1 remained near prior keep at 5.1376-5.1553 GiB/s	u32 prefix compare and chunked match extension in LZ77
7364779	baseline	all_zeros=26B(0.0%);repetitive=71B(0.1%);binary_structured=578B(0.9%);random=65553B(100.0%)	all_zeros/3=707.35-717.71 MiB/s;repetitive/3=696.80-698.46 MiB/s;binary_structured/3=591.40-615.38 MiB/s;random/1=9.8826-9.9235 GiB/s	all_zeros/3=674.37-675.71 MiB/s;repetitive/3=1.0589-1.0628 GiB/s;binary_structured/3=1.0346-1.0450 GiB/s;random/1=10.924-11.083 GiB/s	repetitive_level3=424.91-426.29 MiB/s;random_level1=5.1426-5.1921 GiB/s;acceptance=20 passed	baseline
7364779	keep	ratio unchanged: all_zeros=26B;repetitive=71B;binary_structured=578B;random=65553B	vs baseline: all_zeros/3 707.35-717.71 MiB/s -> 847.24-851.34 MiB/s; repetitive/3 696.80-698.46 MiB/s -> 803.48-808.11 MiB/s; binary_structured/3 591.40-615.38 MiB/s -> 692.63-697.05 MiB/s; random/1 9.8826-9.9235 GiB/s -> 9.8461-9.8589 GiB/s	all_zeros/3=677.78-678.53 MiB/s;repetitive/3=1.0598-1.0643 GiB/s;binary_structured/3=1.0467-1.0494 GiB/s;random/1=11.046-11.106 GiB/s	repetitive_level3=460.32-463.56 MiB/s;random_level1=5.1078-5.1296 GiB/s;acceptance=20 passed;integration=25 passed	sparser middle reinsertion in LZ77 skip
7364779	keep	ratio unchanged: all_zeros=26B;repetitive=71B;binary_structured=578B;random=65553B	vs prior keep: all_zeros/3 847.24-851.34 MiB/s -> 888.03-889.35 MiB/s; repetitive/3 803.48-808.11 MiB/s -> 841.64-842.48 MiB/s; binary_structured/3 692.63-697.05 MiB/s -> 717.21-720.84 MiB/s; random/1 9.8461-9.8589 GiB/s -> 9.9050-9.9363 GiB/s	all_zeros/3=674.08-677.09 MiB/s;repetitive/3=1.0297-1.0591 GiB/s;binary_structured/3=1.0407-1.0436 GiB/s;random/1=10.920-10.938 GiB/s	repetitive_level3=472.56-474.38 MiB/s;random_level1=5.1906-5.1967 GiB/s;acceptance=20 passed;integration=25 passed	step 8 reinsertion for very long LZ77 matches
7364779	discard	ratio unchanged	vs kept state: all_zeros/3=-4.8% to -5.3%;repetitive/3=-4.8% to -5.3%;binary_structured/3=-2.3% to -3.1%;random/1=-0.5% to +0.1%	decompress improved slightly but not enough to offset compress regression	repetitive_level3=-3.9% to -4.3%;random_level1=flat	step 16 reinsertion for very long LZ77 matches
68ca1a2	baseline	all_zeros=26B(0.0%);repetitive=71B(0.1%);binary_structured=578B(0.9%);random=65553B(100.0%)	all_zeros/3=880.90-889.70 MiB/s;repetitive/3=788.15-841.01 MiB/s;binary_structured/3=727.57-729.32 MiB/s;random/1=9.9399-9.9446 GiB/s	all_zeros/3=643.77-656.97 MiB/s;repetitive/3=1.0097-1.0305 GiB/s;binary_structured/3=1.0335-1.0434 GiB/s;random/1=11.046-11.082 GiB/s	repetitive_level3=475.97-476.21 MiB/s;random_level1=5.1963-5.2034 GiB/s;acceptance=20 passed	baseline
68ca1a2	discard	ratio unchanged	all_zeros/3=-1.3% to -1.9%;repetitive/3=mixed -1.4% to +3.1%;binary_structured/3=-2.0% to -2.2%;random/1=flat	decompress not run	repetitive_level3 not run;random_level1 not run	early exit after good-enough LZ77 match length
68ca1a2	keep	ratio unchanged: all_zeros=26B;repetitive=71B;binary_structured=578B;random=65553B	vs baseline: all_zeros/3 880.90-889.70 MiB/s -> 1.8072-1.8097 GiB/s; repetitive/3 788.15-841.01 MiB/s -> 1.6064-1.6171 GiB/s; binary_structured/3 727.57-729.32 MiB/s -> 1.0995-1.2248 GiB/s; random/1 stayed flat at 9.9161-9.9358 GiB/s	all_zeros/3=677.46-678.35 MiB/s;repetitive/3=1.0254-1.0669 GiB/s;binary_structured/3=1.0487-1.0504 GiB/s;random/1=11.082-11.088 GiB/s	repetitive_level3=603.03-656.31 MiB/s;random_level1=4.9981-5.1932 GiB/s;acceptance=20 passed;integration blocked missing benches/data/silesia/dickens	restructure LZ77 skip insertion into prefix/middle/suffix loops
688eddb	keep	ratio unchanged: all_zeros=26B;repetitive=71B;binary_structured=578B;random=65553B	vs prior keep: all_zeros/3 1.8072-1.8097 GiB/s -> 2.0779-2.0816 GiB/s; repetitive/3 improved to 1.5342-1.8307 GiB/s despite wider variance; binary_structured/3 1.0995-1.2248 GiB/s -> 1.3502-1.3510 GiB/s; random/1 slipped slightly to 9.9036-9.9080 GiB/s	all_zeros/3=678.79-679.04 MiB/s;repetitive/3=1.0660-1.0666 GiB/s;binary_structured/3=1.0467-1.0499 GiB/s;random/1=11.082-11.086 GiB/s	repetitive_level3=656.69-689.07 MiB/s;random_level1=5.1884-5.1919 GiB/s;acceptance=20 passed	use unaligned u32/u64 loads in LZ77 hashing and match extension
3dea9cd	baseline	all_zeros=26B(0.0%);repetitive=71B(0.1%);binary_structured=578B(0.9%);random=65553B(100.0%)	all_zeros/3=2.0802-2.0817 GiB/s;repetitive/3=1.8416-1.8437 GiB/s;binary_structured/3=1.2964-1.3496 GiB/s;random/1=9.8766-9.8818 GiB/s	all_zeros/3=678.24-678.73 MiB/s;repetitive/3=1.0641-1.0649 GiB/s;binary_structured/3=1.0436-1.0489 GiB/s;random/1=11.118-11.121 GiB/s	repetitive_level3=689.47-692.10 MiB/s;random_level1=5.1981-5.2018 GiB/s;acceptance=20 passed	baseline
3dea9cd	discard	ratio unchanged	all_zeros/3=+2.68% to +2.84%;binary_structured/3=+1.40% to +17.08%;random/1=+0.72% to +0.77%;repetitive/3 ambiguous at -12.26% to +0.23%	decompress roughly flat to -0.36%	random_level1=+0.28% to +0.36%;repetitive_level3=-0.23% to +0.14%	sparser reinsertion step 12 for very long LZ77 skips
3dea9cd	discard	ratio unchanged	all_zeros/3=-3.31% to -3.20%;repetitive/3 no clear gain;binary_structured/3 no change;random/1 no clear gain	decompress flat to +0.14%	random_level1=-0.33% to -0.26%;repetitive_level3=-0.44% to -0.30%	preallocate parse events and block literal/sequence buffers
3dea9cd	keep	all_zeros improved 26B->18B;repetitive=71B;binary_structured=578B;random=65553B	all_zeros/3=+34.99% to +35.33%;repetitive/3 no change;binary_structured/3 within noise;random/1 within noise	all_zeros/3=678.24-678.73 MiB/s -> 12.254-12.255 GiB/s;repetitive/3 no change;binary_structured/3 within noise;random/1 no change	repetitive_level3 within noise;random_level1 within noise;acceptance=20 passed;integration=25 passed;silesia ours completed levels 1/3/9/19	emit block-level RLE for single-byte blocks and fix RLE payload decoding
3dea9cd	keep	ratio unchanged vs prior keep; all_zeros=18B;repetitive=71B;binary_structured=578B;random=65553B	fast compress unchanged to noisy; Silesia compress slightly down level1 50.7->50.1 MB/s, level3 50.7->50.1 MB/s, level9 33.1->32.7 MB/s, level19 26.2->25.9 MB/s	fast decompress repetitive/3 now ~1.395 GiB/s and binary_structured/3 ~1.322 GiB/s; Silesia decomp improved level1 264.1->272.6 MB/s, level3 264.0->272.5 MB/s, level9 271.9->281.7 MB/s, level19 270.6->283.4 MB/s	repetitive_level3 roundtrip +13.30% to +16.86%;acceptance=20 passed;integration=25 passed;silesia ours completed levels 1/3/9/19	read sequence back-references directly from output and stop cloning history per block
5733b70	baseline	all_zeros=18B(0.0%);repetitive=71B(0.1%);binary_structured=578B(0.9%);random=65553B(100.0%)	all_zeros/3=2.6647-2.7921 GiB/s;repetitive/3=1.8530-1.8538 GiB/s;binary_structured/3=1.3174-1.3203 GiB/s;random/1=9.7530-9.7586 GiB/s	all_zeros/3=12.230-12.242 GiB/s;repetitive/3=1.3969-1.3991 GiB/s;binary_structured/3=1.3240-1.3242 GiB/s;random/1=11.124-11.131 GiB/s	repetitive_level3=812.00-813.27 MiB/s;random_level1=5.1730-5.1858 GiB/s;acceptance=20 passed	baseline
5733b70	discard	ratio unchanged	all_zeros/3=9.3336-9.3383 GiB/s, but repetitive/3 dropped to 1.3439-1.3448 GiB/s and binary_structured/3 to 1.1128-1.2927 GiB/s; random not worth evaluating further	not run	not run	shorter incompressible sample window in frame heuristic
5733b70	discard	ratio unchanged	all_zeros/3 stayed near baseline at 2.7742-2.7914 GiB/s; repetitive/3 fell to 1.1238-1.3773 GiB/s; binary_structured/3 fell to 731.29 MiB/s-1.0583 GiB/s; random/1 rose only to 9.8180-9.8627 GiB/s	not run	not run	lower low-level LZ77 search depth from 8 to 6
5733b70	keep	ratio unchanged: all_zeros=18B;repetitive=71B;binary_structured=578B;random=65553B	vs baseline: all_zeros/3 2.6647-2.7921 GiB/s -> 9.3336-9.3383 GiB/s; repetitive/3 1.8530-1.8538 GiB/s -> 1.8447-1.8475 GiB/s; binary_structured/3 1.3174-1.3203 GiB/s -> 1.3532-1.3548 GiB/s; random/1 9.7530-9.7586 GiB/s -> 9.8453-9.8494 GiB/s	all_zeros/3 12.230-12.242 GiB/s -> 12.246-12.270 GiB/s; repetitive/3 1.3969-1.3991 GiB/s -> 1.4021-1.4054 GiB/s; binary_structured/3 1.3240-1.3242 GiB/s -> 1.3255-1.3266 GiB/s; random/1 11.124-11.131 GiB/s -> 11.129-11.134 GiB/s	repetitive_level3 812.00-813.27 MiB/s -> 812.79-813.27 MiB/s; random_level1 5.1730-5.1858 GiB/s -> 5.2126-5.2150 GiB/s;acceptance=20 passed;integration=25 passed;silesia ours level1 ratio 2.401 comp 50.2 MB/s decomp 273.2 MB/s; level3 ratio 2.401 comp 50.2 MB/s decomp 272.3 MB/s; level9 ratio 2.514 comp 32.6 MB/s decomp 281.4 MB/s; level19 ratio 2.519 comp 26.0 MB/s decomp 283.1 MB/s	chunked repeated-byte detection for block RLE path
c54396e	baseline	weighted_ratio=0.2293	weighted_compress_mb_s=2185.8	weighted_decompress_mb_s=2553.5	acceptance=20 passed	baseline
c54396e	discard	weighted_ratio unchanged at 0.2293	weighted_compress_mb_s 2185.8 -> 2210.1 (+1.12%)	weighted_decompress_mb_s 2553.5 -> 2582.7 (+1.14%)	acceptance=20 passed;gate1 miss;no Silesia	16-byte chunk before 8-byte LZ77 match extension
c54396e	discard	weighted_ratio unchanged at 0.2293	weighted_compress_mb_s 2185.8 -> 2217.2 (+1.44%)	weighted_decompress_mb_s 2553.5 -> 2596.0 (+1.66%)	acceptance=20 passed;gate1 miss;no Silesia	binary-search sequence length code lookup
c54396e	discard	weighted_ratio unchanged at 0.2293	weighted_compress_mb_s 2185.8 -> 2208.8 (+1.05%)	weighted_decompress_mb_s 2553.5 -> 2542.6 (-0.43%)	acceptance=20 passed;gate1 fail;no Silesia	raise low-level LZ77 min_match from 3 to 4
c54396e	discard	weighted_ratio unchanged at 0.2293	weighted_compress_mb_s 2185.8 -> 2276.5 (+4.15%); Silesia comp level3 59.5 -> 60.0 MB/s (+0.84%)	weighted_decompress_mb_s 2553.5 -> 2564.6 (+0.43%); Silesia decomp level3 270.6 -> 271.3 MB/s (+0.26%)	acceptance=20 passed;gate1 clear;gate2 miss;no keep	stack 16-byte LZ77 match extension with binary-search sequence length lookup
9c9eca0	baseline	weighted_ratio=0.2293	weighted_compress_mb_s=1994.2	weighted_decompress_mb_s=2424.4	acceptance=20 passed;integration=25 passed;silesia ours level1 ratio 2.401 comp 49.3 MB/s decomp 267.4 MB/s; level3 ratio 2.401 comp 49.4 MB/s decomp 266.3 MB/s; level9 ratio 2.514 comp 31.3 MB/s decomp 276.9 MB/s; level19 ratio 2.519 comp 25.3 MB/s decomp 278.2 MB/s	baseline
9c9eca0	keep	weighted_ratio unchanged at 0.2293	weighted_compress_mb_s 1994.2 -> 2156.2 (+8.12%); Silesia comp level1 49.3 -> 51.0 MB/s (+3.45%); level3 49.4 -> 50.9 MB/s (+3.04%); level9 31.3 -> 32.1 MB/s (+2.56%); level19 25.3 -> 25.8 MB/s (+1.98%)	weighted_decompress_mb_s 2424.4 -> 2576.7 (+6.28%); Silesia decomp level1 267.4 -> 269.7 MB/s (+0.86%); level3 266.3 -> 269.5 MB/s (+1.20%); level9 276.9 -> 277.2 MB/s (+0.11%); level19 278.2 -> 278.9 MB/s (+0.25%)	acceptance=20 passed;integration=25 passed;gate1 clear;gate2 clear	stream LZ77 parse events directly into block literal/sequence collection
6892a14	baseline	weighted_ratio=0.2293	weighted_compress_mb_s=2170.3	weighted_decompress_mb_s=2585.0	acceptance=20 passed;silesia ours level1 ratio 2.401 comp 50.6 MB/s decomp 268.9 MB/s	baseline
6892a14	discard	weighted_ratio unchanged at 0.2293	weighted_compress_mb_s 2170.3 -> 2211.3 (+1.89%)	weighted_decompress_mb_s 2585.0 -> 2533.3 (-2.00%)	acceptance=20 passed;gate1 fail;no Silesia	omit implied final Huffman weight in direct header
6892a14	discard	weighted_ratio unchanged at 0.2293	weighted_compress_mb_s 2170.3 -> 2206.1 (+1.65%), then 2209.0 (+1.78%) after stack	weighted_decompress_mb_s 2585.0 -> 2560.2 (-0.96%), then 2549.1 (-1.39%) after stack	acceptance=20 passed;integration=25 passed;stacked 2 attempts;gate1 fail;no Silesia	no-match compressed-block fast path, then sparse whole-block no-match precheck
6892a14	discard	weighted_ratio unchanged at 0.2293	weighted_compress_mb_s 2170.3 -> 2235.6 (+3.01%); Silesia comp level1 50.6 -> 50.9 MB/s (+0.59%)	weighted_decompress_mb_s 2585.0 -> 2567.8 (-0.67%); Silesia decomp level1 268.9 -> 262.8 MB/s (-2.27%)	acceptance=20 passed;integration=25 passed;gate1 clear;gate2 fail	stream sequence decode directly into execution without temporary Vec<Sequence>
e040007	baseline	weighted_ratio=0.2293	weighted_compress_mb_s=2191.5; silesia_comp level1=50.9 MB/s	weighted_decompress_mb_s=2581.9; silesia_decomp level1=269.3 MB/s	acceptance=20 passed;integration=25 passed	setup baseline on origin/main
e040007	discard	weighted_ratio unchanged at 0.2293	weighted_compress_mb_s 2191.5 -> 2347.4 (+7.11%); silesia_comp level1 50.9 -> 50.4 MB/s (-0.98%), level3=50.3 MB/s, level9=32.5 MB/s, level19=25.8 MB/s	weighted_decompress_mb_s 2581.9 -> 2592.7 (+0.42%); silesia_decomp level1 269.3 -> 269.6 MB/s (+0.11%), level3=270.6 MB/s, level9=278.3 MB/s, level19=279.4 MB/s	acceptance=20 passed;integration=25 passed;gate1 clear;gate2 miss	defer literal materialization and fold literal frequency counting into final copy
e040007	keep	weighted_ratio unchanged at 0.2293; silesia ratio unchanged at level1=2.401, level3=2.401, level9=2.514, level19=2.519	weighted_compress_mb_s 2191.5 -> 2312.4 (+5.51%); silesia_comp level1 50.9 -> 75.7 MB/s (+48.72%), level3 51.1 -> 75.5 MB/s (+47.75%), level9 32.9 -> 40.7 MB/s (+23.71%), level19 26.1 -> 30.7 MB/s (+17.62%)	weighted_decompress_mb_s 2581.9 -> 2561.1 (-0.81%); silesia_decomp level1 269.3 -> 272.5 MB/s (+1.19%), level3 269.5 -> 272.8 MB/s (+1.22%), level9 278.4 -> 281.3 MB/s (+1.04%), level19 279.2 -> 281.1 MB/s (+0.68%)	acceptance=20 passed;integration=25 passed;gate1 clear on rerun;gate2 clear	port direct parse sink, precomputed length/offset lookup tables, and cached FSE transition tables onto mainline encoder
c464391	baseline	weighted_ratio=0.2293; silesia ratio level1=2.401, level3=2.401, level9=2.514, level19=2.519	weighted_compress_mb_s=2230.1; silesia_comp level1=63.0 MB/s, level3=63.1 MB/s, level9=36.7 MB/s, level19=28.7 MB/s	weighted_decompress_mb_s=2591.3; silesia_decomp level1=272.0 MB/s, level3=272.7 MB/s, level9=279.9 MB/s, level19=281.8 MB/s	acceptance=20 passed; cargo_test=ok	baseline
c464391	keep	weighted_ratio unchanged at 0.2293; silesia ratio unchanged at level1=2.401, level3=2.401, level9=2.514, level19=2.519	weighted_compress_mb_s 2230.1 -> 2317.3 (+3.01%); silesia_comp level1 63.0 -> 75.5 MB/s (+19.84%), level3 63.1 -> 75.6 MB/s (+19.81%), level9 36.7 -> 40.8 MB/s (+11.17%), level19 28.7 -> 30.6 MB/s (+6.62%)	weighted_decompress_mb_s 2591.3 -> 2569.0 (-0.86%); silesia_decomp level1 272.0 -> 273.7 MB/s (+0.63%), level3 272.7 -> 272.1 MB/s (-0.22%), level9 279.9 -> 281.1 MB/s (+0.43%), level19 281.8 -> 282.5 MB/s (+0.25%)	acceptance=20 passed; cargo_test=ok; gate1 clear; gate2 clear	cache predefined FSE encoder transitions and remove per-block symbol vectors in sequence encoding
c464391	discard	weighted_ratio unchanged at 0.2293; silesia ratio unchanged at level1=2.401, level3=2.401, level9=2.514, level19=2.519	weighted_compress_mb_s 2230.1 -> 2331.5 (+4.55%); silesia_comp level1 63.0 -> 81.5 MB/s (+29.37%), level3 63.1 -> 81.1 MB/s (+28.53%), level9 36.7 -> 42.5 MB/s (+15.80%), level19 28.7 -> 31.8 MB/s (+10.80%)	weighted_decompress_mb_s 2591.3 -> 2580.3 (-0.42%); silesia_decomp level1 272.0 -> 268.2 MB/s (-1.40%), level3 272.7 -> 268.1 MB/s (-1.69%), level9 279.9 -> 277.1 MB/s (-1.00%), level19 281.8 -> 277.8 MB/s (-1.42%)	acceptance=20 passed; gate1 clear; gate2 fail	build FSE transitions on the fly during reverse sequence write
7fb6b45	baseline	weighted_ratio=0.2293; silesia ratio level1=2.401	weighted_compress_mb_s=2301.3; silesia_comp level1=75.5 MB/s	weighted_decompress_mb_s=2563.3; silesia_decomp level1=271.7 MB/s	acceptance=20 passed	baseline
7fb6b45	discard	weighted_ratio unchanged at 0.2293	weighted_compress_mb_s 2301.3 -> 2322.6 (+0.93%), then 2345.3 (+1.91%), then 2326.6 (+1.10%)	weighted_decompress_mb_s 2563.3 -> 2546.7 (-0.65%), then 2579.0 (+0.61%), then 2575.5 (+0.48%)	acceptance=20 passed; stacked 3 attempts; gate1 fail; no Silesia	early long-match exit, sparser long-match reinsertion, then lower level-1-3 search depth
7fb6b45	discard	weighted_ratio unchanged at 0.2293	weighted_compress_mb_s 2301.3 -> 2147.1 (-6.70%)	weighted_decompress_mb_s 2563.3 -> 2591.7 (+1.11%)	acceptance=20 passed; gate1 fail; no Silesia	reuse MatchFinder scratch with generation-stamped hash and chain tables
449742f	baseline	weighted_ratio=0.2293	weighted_compress_mb_s=2287.0; rerun=2291.1	weighted_decompress_mb_s=2545.9; rerun=2531.2	acceptance=20 passed	baseline after weighted-heuristics merge
449742f	discard	weighted_ratio 0.2293 -> 0.2253 (-1.74%)	weighted_compress_mb_s 2287.0 -> 1063.5 (-53.50%)	weighted_decompress_mb_s 2545.9 -> 1681.9 (-33.94%)	acceptance=20 passed; gate1 fail; no Silesia	whole-block incompressible heuristic with sampled diversity and hash-hit thresholds
449742f	discard	weighted_ratio unchanged at 0.2293	weighted_compress_mb_s 2287.0 -> 2258.4 (-1.25%)	weighted_decompress_mb_s 2545.9 -> 2575.0 (+1.14%)	acceptance=20 passed; gate1 fail; no Silesia	count literal frequencies during parse sink to remove extra scan
449742f	discard	weighted_ratio unchanged at 0.2293	weighted_compress_mb_s 2287.0 -> 2255.1 (-1.39%)	weighted_decompress_mb_s 2545.9 -> 2571.7 (+1.01%)	acceptance=20 passed; gate1 fail; no Silesia	skip Huffman build when direct header would overflow (>128 symbols)
449742f	discard	weighted_ratio 0.2293 -> 0.2253 (-1.74%)	weighted_compress_mb_s 2287.0 -> 1132.7 (-50.47%)	weighted_decompress_mb_s 2545.9 -> 1670.1 (-34.40%)	acceptance=20 passed; gate1 fail; no Silesia	require high sampled byte diversity before low-level incompressible fast path
08bbb79	baseline	weighted_ratio=0.2293; silesia ratio level1=2.401	weighted_compress_mb_s=2234.1; silesia_comp level1=74.5 MB/s	weighted_decompress_mb_s=2566.2; silesia_decomp level1=271.1 MB/s	acceptance=20 passed; silesia_setup=ok	baseline
08bbb79	keep	weighted_ratio unchanged at 0.2293; silesia ratio unchanged at level1=2.401, level3=2.401, level9=2.514, level19=2.519	weighted_compress_mb_s 2234.1 -> 2346.5 (+5.03%); rerun=2347.4 (+5.07%); silesia_comp level1 74.5 -> 80.4 MB/s (+7.92%), level3=80.1 MB/s, level9=42.2 MB/s, level19=31.7 MB/s	weighted_decompress_mb_s 2566.2 -> 2564.0 (-0.09%); rerun=2577.3 (+0.43%); silesia_decomp level1 271.1 -> 271.2 MB/s (+0.04%), level3=270.9 MB/s, level9=279.9 MB/s, level19=281.1 MB/s	acceptance=20 passed; cargo_test=ok; gate1 clear; gate2 clear	remove per-block FSE state-path vectors and derive reverse transitions inline during sequence encoding
08bbb79	discard	weighted_ratio unchanged at 0.2293	vs kept state: weighted_compress_mb_s 2346.5 -> 2344.7 (-0.08%); vs baseline +4.95%	vs kept state: weighted_decompress_mb_s 2564.0 -> 2573.9 (+0.39%)	acceptance=20 passed; gate1 clear vs baseline but no improvement over kept state; no Silesia	short-circuit no-match blocks to raw output path
9d8c29a	baseline	weighted_ratio=0.2293; silesia ratio level1=2.401, level3=2.401, level9=2.514, level19=2.519	weighted_compress_mb_s=2330.5; silesia_comp level1=80.3 MB/s, level3=79.9 MB/s, level9=42.2 MB/s, level19=31.7 MB/s	weighted_decompress_mb_s=2565.1; silesia_decomp level1=271.3 MB/s, level3=268.3 MB/s, level9=279.5 MB/s, level19=281.5 MB/s	acceptance=20 passed; silesia_setup=ok	baseline after inline FSE sequence transitions
9d8c29a	discard	weighted_ratio unchanged at 0.2293; silesia ratio unchanged at level1=2.401, level3=2.401, level9=2.514, level19=2.519	weighted_compress_mb_s 2330.5 -> 2459.0 (+5.51%); silesia_comp level1 80.3 -> 80.8 MB/s (+0.62%), level3 79.9 -> 80.4 MB/s (+0.63%), level9 42.2 -> 42.6 MB/s (+0.95%), level19 31.7 -> 30.5 MB/s (-3.79%)	weighted_decompress_mb_s 2565.1 -> 2561.3 (-0.15%); silesia_decomp level1 271.3 -> 267.9 MB/s (-1.25%), level3 268.3 -> 266.6 MB/s (-0.63%), level9 279.5 -> 277.3 MB/s (-0.79%), level19 281.5 -> 277.4 MB/s (-1.46%)	acceptance=20 passed; gate1 clear; gate2 fail	conditionally skip Huffman weight normalization when direct weights already form a complete tree
9d8c29a	crash	weighted_ratio unavailable: cargo bench panicked with CorruptData(\"offset exceeds available history\")	compress benchmark aborted before weighted summary	decompress benchmark aborted before weighted summary	acceptance=17 passed, 3 failed; no Silesia	first packed u32 layout for predefined FSE transitions overlapped bitfields and corrupted streams
9d8c29a	discard	weighted_ratio unchanged at 0.2293	weighted_compress_mb_s 2330.5 -> 2336.3 (+0.25%)	weighted_decompress_mb_s 2565.1 -> 2582.9 (+0.70%)	acceptance=20 passed; gate1 fail; no Silesia	pack predefined FSE transition cache into dense u32 entries
fac345b	baseline	weighted_ratio=0.4163; silesia ratio level1=1.216	weighted_compress_mb_s=1371.7; silesia_comp level1=743.9 MB/s	weighted_decompress_mb_s=2709.5; silesia_decomp level1=1380.1 MB/s	acceptance=20 passed; silesia_setup=ok	baseline on clarified-validation-flow branch
fac345b	discard	weighted_ratio 0.4163 -> 0.4151 (-0.29%)	weighted_compress_mb_s 1371.7 -> 1377.9 (+0.45%)	weighted_decompress_mb_s 2709.5 -> 2704.8 (-0.17%)	acceptance=20 passed; integration=dickens ok; gate1 fail; no Silesia	backward-extend emitted matches in non-optimal parsers
fac345b	discard	weighted_ratio 0.4163 -> 0.2294 (-44.90%); silesia ratio level3 1.872 -> 2.433 (+29.97%), level4 1.944 -> 2.454 (+26.23%)	weighted_compress_mb_s 1371.7 -> 1443.1 (+5.21%); silesia_comp level3 250.1 -> 123.6 MB/s (-50.58%), level4 219.0 -> 112.7 MB/s (-48.54%)	weighted_decompress_mb_s 2709.5 -> 2555.9 (-5.67%); silesia_decomp level3 414.5 -> 285.7 MB/s (-31.07%), level4 403.3 -> 284.7 MB/s (-29.41%)	acceptance=20 passed; integration=dickens ok; gate1 promising on weighted ratio/compress but spillover too large; gate2 fail	switch levels 3-4 from DFast to Greedy at the same shallow search depth
7dc18ef	baseline	silesia ratio level16=3.101, level18=3.161, level19=3.167	silesia_comp level16=5.1 MB/s, level18=4.0 MB/s, level19=3.2 MB/s	silesia_decomp level16=356.4 MB/s, level18=353.4 MB/s, level19=352.6 MB/s	acceptance=20 passed; silesia_setup=ok	baseline for implied-final-weight direct Huffman header experiment
7dc18ef	discard	silesia ratio unchanged at level16=3.101, level18=3.161, level19=3.167	silesia_comp level16 5.1 -> 5.1 MB/s (+0.00%), level18 4.0 -> 4.0 MB/s (+0.00%), level19 3.2 -> 3.2 MB/s (+0.00%)	silesia_decomp level16 356.4 -> 358.7 MB/s (+0.65%), level18 353.4 -> 353.0 MB/s (-0.11%), level19 352.6 -> 352.6 MB/s (+0.00%)	acceptance=20 passed; gate2 fail; weighted not run	omit the implied final weight from direct Huffman headers to cover one more symbol
18338fb	baseline	weighted_ratio=0.4163; silesia ratio level1=1.216, level3=1.872, level9=2.822, level19=3.167; dfast baseline ratio level4=1.944	weighted_compress_mb_s=1339.6; silesia_comp level1=742.8 MB/s, level3=252.1 MB/s, level9=20.4 MB/s, level19=3.2 MB/s; dfast level4=215.6 MB/s	weighted_decompress_mb_s=2664.5; silesia_decomp level1=1380.6 MB/s, level3=414.9 MB/s, level9=310.9 MB/s, level19=353.3 MB/s; dfast level4=406.7 MB/s	acceptance=20 passed; cargo_test=ok; silesia_setup=ok	baseline for DFast matched-run experiments
18338fb	discard	silesia ratio level3 1.872 -> 1.880 (+0.43%), level4 unchanged at 1.944	silesia_comp level3 247.1 -> 227.9 MB/s (-7.77%), level4 215.6 -> 198.5 MB/s (-7.93%)	silesia_decomp level3 411.8 -> 409.7 MB/s (-0.51%), level4 406.7 -> 404.6 MB/s (-0.52%)	acceptance=20 passed; gate2 fail	evaluate both DFast long-hash and short-hash candidates before choosing a match
18338fb	keep	silesia ratio level3 1.872 -> 2.052 (+9.62%), level4 1.944 -> 2.142 (+10.19%); weighted_ratio 0.4163 -> 0.4155 (-0.19%)	silesia_comp level3 247.1 -> 209.0 MB/s (-15.42%), level4 215.6 -> 189.6 MB/s (-12.06%); weighted_compress_mb_s 1339.6 -> 1120.4 (-16.36%)	silesia_decomp level3 411.8 -> 389.2 MB/s (-5.49%), level4 406.7 -> 386.7 MB/s (-4.92%); weighted_decompress_mb_s 2664.5 -> 2711.8 (+1.78%)	acceptance=20 passed; cargo_test=ok; gate2 clear on Silesia; weighted divergence noted	reinsert matched DFast positions into both short and long hash tables with sparse prefix/middle/suffix skip logic
59ed008	baseline	weighted_ratio=0.4155; silesia ratio level3=2.052, level4=2.142	weighted_compress_mb_s=1111.7; silesia_comp level3=209.5 MB/s, level4=189.1 MB/s	weighted_decompress_mb_s=2703.5; silesia_decomp level3=389.6 MB/s, level4=385.1 MB/s	acceptance=20 passed; silesia_setup=ok	baseline for DFast reinsertion follow-up experiments
59ed008	discard	silesia ratio level3 2.052 -> 2.050 (-0.10%), level4 2.142 -> 2.130 (-0.56%)	silesia_comp level3 209.5 -> 207.9 MB/s (-0.76%), level4 189.1 -> 188.4 MB/s (-0.37%)	silesia_decomp level3 389.6 -> 390.7 MB/s (+0.28%), level4 385.1 -> 388.3 MB/s (+0.83%)	acceptance=20 passed; gate2 fail; weighted not run	make DFast long-hash reinsertion sparser than short-hash reinsertion inside matched runs
59ed008	discard	silesia ratio level3 2.052 -> 2.053 (+0.05%), level4 unchanged at 2.142	silesia_comp level3 209.5 -> 203.3 MB/s (-2.96%), level4 189.1 -> 181.4 MB/s (-4.07%)	silesia_decomp level3 389.6 -> 383.0 MB/s (-1.69%), level4 385.1 -> 383.8 MB/s (-0.34%)	acceptance=20 passed; gate2 fail; weighted not run	only compare DFast short-hash candidate when the long-hash match is still short
ddfeb6f	baseline	weighted_ratio=0.4155; silesia ratio level3=2.052, level4=2.142	weighted_compress_mb_s=1123.6; silesia_comp level3=208.7 MB/s, level4=190.2 MB/s	weighted_decompress_mb_s=2721.6; silesia_decomp level3=387.9 MB/s, level4=385.3 MB/s	acceptance=20 passed; silesia_setup=ok	baseline for DFast hash-path cleanup experiments
ddfeb6f	discard	silesia ratio level3 2.052 -> 2.055 (+0.15%), level4 2.142 -> 2.138 (-0.19%)	silesia_comp level3 208.7 -> 216.0 MB/s (+3.50%), level4 190.2 -> 192.1 MB/s (+1.00%)	silesia_decomp level3 387.9 -> 385.1 MB/s (-0.72%), level4 385.3 -> 383.4 MB/s (-0.49%)	acceptance=20 passed; gate2 fail	defer DFast short-hash update until the long-table path misses
ddfeb6f	discard	weighted_ratio unchanged at 0.4155; silesia ratio unchanged at level3=2.052, level4=2.142	weighted_compress_mb_s 1123.6 -> 1154.2 (+2.72%); silesia_comp run1 level3 208.7 -> 213.0 MB/s (+2.06%), level4 190.2 -> 193.5 MB/s (+1.73%); rerun level3=214.3 MB/s (+2.68%), level4=190.1 MB/s (-0.05%)	weighted_decompress_mb_s 2721.6 -> 2698.3 (-0.86%); silesia_decomp run1 level3 387.9 -> 389.0 MB/s (+0.28%), level4 385.3 -> 383.3 MB/s (-0.52%); rerun level3=389.3 MB/s (+0.36%), level4=386.3 MB/s (+0.26%)	acceptance=20 passed; weighted improved but Silesia level4 gain was not confirmed; gate2 fail	use unaligned loads inside DFast hash4/hash8 helpers instead of slice-to-array conversion
ddfeb6f	discard	silesia ratio unchanged at level3=2.052, level4=2.142	silesia_comp level3 208.7 -> 209.7 MB/s (+0.48%), level4 190.2 -> 184.7 MB/s (-2.89%)	silesia_decomp level3 387.9 -> 388.2 MB/s (+0.08%), level4 385.3 -> 385.1 MB/s (-0.05%)	acceptance=20 passed; gate2 fail	derive DFast long and short hashes from a shared 8-byte load
c63e52c	baseline	weighted_ratio=0.4155; silesia ratio level3=2.052, level4=2.142	weighted_compress_mb_s=1113.5; silesia_comp level3=207.1 MB/s, level4=188.7 MB/s	weighted_decompress_mb_s=2720.0; silesia_decomp level3=388.9 MB/s, level4=386.2 MB/s	acceptance=20 passed; silesia_setup=ok	baseline for DFast profile-guided follow-up experiments
c63e52c	discard	silesia ratio level3 2.052 -> 2.051 (-0.05%), level4 2.142 -> 2.138 (-0.19%); weighted_ratio unchanged at 0.4155	silesia_comp level3 207.1 -> 210.8 MB/s (+1.79%), level4 188.7 -> 189.4 MB/s (+0.37%); weighted_compress_mb_s 1113.5 -> 1109.2 (-0.39%)	silesia_decomp level3 388.9 -> 387.6 (-0.33%), level4 386.2 -> 386.8 (+0.16%); weighted_decompress_mb_s 2720.0 -> 2721.2 (+0.04%)	acceptance=20 passed; gate2 fail	validate DFast long-table candidates with 8-byte equality and extend matches from byte 8
c63e52c	discard	silesia ratio unchanged at level3=2.052, level4=2.142; weighted_ratio unchanged at 0.4155	silesia_comp level3 207.1 -> 196.9 MB/s (-4.93%), level4 188.7 -> 177.4 MB/s (-5.99%); weighted_compress_mb_s 1113.5 -> 1095.1 (-1.65%)	silesia_decomp level3 388.9 -> 384.9 (-1.03%), level4 386.2 -> 382.3 (-1.01%); weighted_decompress_mb_s 2720.0 -> 2710.7 (-0.34%)	acceptance=20 passed; gate2 fail	derive DFast short and long reinsertion hashes from a single 8-byte load inside skip_dfast
c63e52c	discard	silesia ratio level3 2.052 -> 2.285 (+11.36%), level4 2.142 -> 2.359 (+10.13%); weighted_ratio 0.4155 -> 0.3324 (-20.00%)	silesia_comp level3 207.1 -> 169.1 MB/s (-18.35%), level4 188.7 -> 154.9 MB/s (-17.91%); weighted_compress_mb_s 1113.5 -> 1195.1 (+7.33%)	silesia_decomp level3 388.9 -> 338.8 (-12.88%), level4 386.2 -> 343.7 (-11.00%); weighted_decompress_mb_s 2720.0 -> 2385.9 (-12.28%)	acceptance=20 passed; weighted ratio/compress improved but DFast speed/decompress budgets were blown on Silesia; gate2 fail	increase DFast search_log from 1 to 2 to make miss skipping more aggressive at levels 3-4
ad5bb47	baseline	weighted_ratio=0.4154; silesia ratio level1=1.216, level3=2.052, level9=2.822, level19=3.167	weighted_compress_mb_s=1067.9; silesia_comp level1=744.5 MB/s, level3=210.0 MB/s, level9=19.3 MB/s, level19=3.1 MB/s	weighted_decompress_mb_s=2687.9; silesia_decomp level1=1375.7 MB/s, level3=387.6 MB/s, level9=308.3 MB/s, level19=352.2 MB/s	acceptance=20 passed; silesia_setup=ok	baseline for implicit-final direct Huffman header experiment
ad5bb47	discard	weighted_ratio unchanged at 0.4154; silesia ratio unchanged at level1=1.216, level3=2.052, level9=2.822, level19=3.167	weighted_compress_mb_s 1067.9 -> 1123.6 (+5.22%); silesia_comp level1 744.5 -> 731.4 MB/s (-1.76%), level3 210.0 -> 203.4 MB/s (-3.14%), level9 19.3 -> 18.3 MB/s (-5.18%), level19 3.1 -> 3.1 MB/s (+0.00%)	weighted_decompress_mb_s 2687.9 -> 2716.0 (+1.05%); silesia_decomp level1 1375.7 -> 1368.0 MB/s (-0.56%), level3 387.6 -> 383.4 MB/s (-1.08%), level9 308.3 -> 309.2 MB/s (+0.29%), level19 352.2 -> 348.1 MB/s (-1.16%)	acceptance=20 passed; weighted improved but Silesia stayed flat on ratio and regressed compress throughput; gate2 fail	omit the direct Huffman header's implicit final weight to enable the 129-symbol direct case
ca71927	baseline	weighted_ratio=0.4155; silesia ratio level3=2.052, level4=2.142	weighted_compress_mb_s=1137.1; silesia_comp level3=208.6 MB/s, level4=184.1 MB/s	weighted_decompress_mb_s=3818.7; silesia_decomp level3=474.2 MB/s, level4=477.6 MB/s	acceptance=20 passed; silesia_setup=ok	baseline for DFast miss-seeding experiments
ca71927	discard	weighted_ratio 0.4155 -> 0.3121 (-24.89%); silesia ratio level3 2.052 -> 2.128 (+3.70%), level4 2.142 -> 2.220 (+3.64%)	weighted_compress_mb_s 1137.1 -> 1130.5 (-0.58%); silesia_comp run1 level3 208.6 -> 197.9 MB/s (-5.13%), level4 184.1 -> 180.5 MB/s (-1.96%); rerun level3=197.7 MB/s (-5.23%), level4=180.1 MB/s (-2.17%)	weighted_decompress_mb_s 3818.7 -> 4033.2 (+5.62%); silesia_decomp run1 level3 474.2 -> 456.8 MB/s (-3.67%), level4 477.6 -> 461.6 MB/s (-3.35%); rerun level3=457.8 MB/s (-3.46%), level4=461.9 MB/s (-3.29%)	acceptance=20 passed; cargo_test=ok; rerun confirmed; superseded by lighter variant	seed both the midpoint and last skipped DFast miss positions before large anchor-relative jumps
ca71927	keep	weighted_ratio 0.4155 -> 0.2934 (-29.39%); silesia ratio level3 2.052 -> 2.121 (+3.36%), level4 2.142 -> 2.214 (+3.36%)	weighted_compress_mb_s 1137.1 -> 1189.5 (+4.61%); silesia_comp run1 level3 208.6 -> 199.9 MB/s (-4.17%), level4 184.1 -> 183.4 MB/s (-0.38%); rerun level3=200.0 MB/s (-4.12%), level4=182.2 MB/s (-1.03%)	weighted_decompress_mb_s 3818.7 -> 4916.5 (+28.74%); silesia_decomp run1 level3 474.2 -> 459.4 MB/s (-3.12%), level4 477.6 -> 463.0 MB/s (-3.05%); rerun level3=458.6 MB/s (-3.29%), level4=462.4 MB/s (-3.18%)	acceptance=20 passed; cargo_test=ok; rerun confirmed; gate2 clear	sparsely seed skipped DFast miss positions, but only add the midpoint when the anchor-relative jump reaches 8 bytes
d6ca7d5	baseline	weighted_ratio=0.4155; silesia ratio level3=2.052, level4=2.142	weighted_compress_mb_s=1090.0; silesia_comp level3=209.6 MB/s, level4=189.5 MB/s	weighted_decompress_mb_s=2697.1; silesia_decomp level3=386.9 MB/s, level4=383.4 MB/s	acceptance=20 passed; silesia_setup=ok; profile=dickens level3 shows match_length 46.4%, write_bits 22.8%, skip_dfast/hash4 slice indexing 14.0%	baseline for DFast selective lookahead experiment
d6ca7d5	discard	silesia ratio level3 2.052 -> 2.098 (+2.24%), level4 2.142 -> 2.185 (+2.01%)	silesia_comp level3 209.6 -> 190.2 MB/s (-9.26%), level4 189.5 -> 169.9 MB/s (-10.34%)	silesia_decomp level3 386.9 -> 399.8 MB/s (+3.33%), level4 383.4 -> 399.4 MB/s (+4.17%)	acceptance=20 passed; gate2 fail	selective one-byte DFast lookahead for short greedy matches
d6ca7d5	discard	silesia ratio unchanged at level3=2.052, level4=2.142	silesia_comp run1 level3 209.6 -> 213.9 MB/s (+2.05%), level4 189.5 -> 192.6 MB/s (+1.64%); rerun level3=211.9 MB/s (+1.10%), level4=185.5 MB/s (-2.11%)	silesia_decomp run1 level3 386.9 -> 386.9 MB/s (+0.00%), level4 383.4 -> 383.4 MB/s (+0.00%); rerun level3=386.8 MB/s (-0.03%), level4=384.2 MB/s (+0.21%)	acceptance=20 passed; rerun failed confirmation on level4	use unaligned load helpers inside hash4/hash8 instead of slice-to-array conversion
d7d7172	baseline	weighted_ratio=0.4155; silesia ratio level1=1.216, level3=2.052, level9=2.822, level19=3.167	weighted_compress_mb_s=1107.4; silesia_comp level1=750.2 MB/s, level3=210.7 MB/s, level9=20.2 MB/s, level19=3.2 MB/s	weighted_decompress_mb_s=3814.4; silesia_decomp level1=1365.1 MB/s, level3=386.9 MB/s, level9=308.3 MB/s, level19=350.3 MB/s	acceptance=20 passed; silesia_setup=ok	baseline for decoder sequence-copy experiment
d7d7172	keep	weighted_ratio unchanged at 0.4155; silesia ratio unchanged at level1=1.216, level3=2.052, level9=2.822, level19=3.167	weighted_compress_mb_s 1107.4 -> 1109.7 (+0.21%); silesia_comp level1 750.2 -> 746.2 MB/s (-0.53%), level3 210.7 -> 211.3 MB/s (+0.28%), level9 20.2 -> 20.8 MB/s (+2.97%), level19 3.2 -> 3.2 MB/s (+0.00%)	weighted_decompress_mb_s 3814.4 -> 3823.5 (+0.24%); silesia_decomp level1 1365.1 -> 1662.6 MB/s (+21.79%), level3 386.9 -> 473.9 MB/s (+22.49%), level9 308.3 -> 381.8 MB/s (+23.84%), level19 350.3 -> 460.3 MB/s (+31.39%)	acceptance=20 passed; integration=33 passed; cargo_test=ok; gate2 clear; weighted sanity ok	replace per-byte back-reference replay with chunked extend_from_within copies and reserve decoded block output
93e9467	baseline	weighted_ratio=0.2934; silesia ratio level3=2.121, level4=2.214	weighted_compress_mb_s=1208.8; silesia_comp level3=198.7 MB/s, level4=180.4 MB/s	weighted_decompress_mb_s=4938.1; silesia_decomp level3=457.7 MB/s, level4=457.9 MB/s	acceptance=20 passed; silesia_setup=ok	baseline for DFast hash and reinsertion cleanup experiment
93e9467	keep	weighted_ratio unchanged at 0.2934; silesia ratio unchanged at level3=2.121, level4=2.214	weighted_compress_mb_s 1208.8 -> 1236.0 (+2.25%); silesia_comp run1 level3 198.7 -> 205.2 MB/s (+3.27%), level4 180.4 -> 185.7 MB/s (+2.94%); rerun level3=204.3 MB/s (+2.82%), level4=186.5 MB/s (+3.38%)	weighted_decompress_mb_s 4938.1 -> 4939.4 (+0.03%); silesia_decomp run1 level3 457.7 -> 459.7 MB/s (+0.44%), level4 457.9 -> 464.1 MB/s (+1.35%); rerun level3=461.1 MB/s (+0.74%), level4=465.2 MB/s (+1.59%)	acceptance=20 passed; cargo_test=ok; rerun confirmed; weighted sanity ok	reuse loaded DFast hash words and replace iterator-heavy matched-run reinsertion loops with indexed loops
93e9467	discard	silesia ratio level3 2.121 -> 2.119 (-0.09%), level4 2.214 -> 2.207 (-0.32%); weighted_ratio not rerun	silesia_comp level3 198.7 -> 206.7 MB/s (+4.03%), level4 180.4 -> 186.8 MB/s (+3.55%)	silesia_decomp level3 457.7 -> 459.6 MB/s (+0.42%), level4 457.9 -> 464.4 MB/s (+1.42%)	acceptance=20 passed; gate2 fail; ratio regressed on both target levels	defer DFast short-hash updates until after the long-hash probe misses
b8376e9	baseline	weighted_ratio=0.2934; silesia ratio level1=1.216, level3=2.121, level9=2.822, level19=3.167	weighted_compress_mb_s=1225.5; silesia_comp level1=748.5 MB/s, level3=203.9 MB/s, level9=20.7 MB/s, level19=3.3 MB/s	weighted_decompress_mb_s=4912.3; silesia_decomp level1=1663.3 MB/s, level3=459.0 MB/s, level9=384.6 MB/s, level19=462.8 MB/s	acceptance=20 passed; cargo_test=ok; silesia_setup=ours ok; official level19 baseline timed out	baseline for direct-Huffman implicit-final-weight retry
b8376e9	discard	weighted_ratio unchanged at 0.2934; silesia ratio level1 1.216 -> 1.219 (+0.25%), level3 2.121 -> 2.122 (+0.05%), level9 2.822 -> 2.827 (+0.18%), level19 3.167 -> 3.172 (+0.16%)	weighted_compress_mb_s 1225.5 -> 1234.8 (+0.76%); silesia_comp level1 748.5 -> 729.4 MB/s (-2.55%), level3 203.9 -> 203.6 MB/s (-0.15%), level9 20.7 -> 21.0 MB/s (+1.45%), level19 3.3 -> 3.2 MB/s (-3.03%)	weighted_decompress_mb_s 4912.3 -> 4929.5 (+0.35%); silesia_decomp level1 1663.3 -> 1610.7 MB/s (-3.16%), level3 459.0 -> 457.8 MB/s (-0.26%), level9 384.6 -> 380.0 MB/s (-1.20%), level19 462.8 -> 460.1 MB/s (-0.58%)	acceptance=20 passed; cargo_test=ok; gate2 fail; ratio gains stayed below visibility threshold and level1/19 compression regressed	retry direct Huffman implicit-final-weight serialization and allow 129 active symbols
df33081	baseline	weighted_ratio=0.2934; silesia ratio level3=2.121, level4=2.214	weighted_compress_mb_s=1231.9; silesia_comp level3=203.6 MB/s, level4=187.3 MB/s	weighted_decompress_mb_s=4941.7; silesia_decomp level3=460.1 MB/s, level4=464.2 MB/s	acceptance=20 passed; silesia_setup=ok	baseline for DFast matched-run reinsertion table-selectivity experiments
df33081	discard	silesia ratio level3 2.121 -> 2.117 (-0.19%), level4 2.214 -> 2.212 (-0.09%)	silesia_comp level3 203.6 -> 207.3 MB/s (+1.82%), level4 187.3 -> 187.5 MB/s (+0.11%)	silesia_decomp level3 460.1 -> 462.0 MB/s (+0.41%), level4 unchanged at 464.2 MB/s	acceptance=20 passed; gate2 fail; weighted not rerun	during sparse matched-run reinsertion, refresh only the DFast long table in the sparse middle
df33081	discard	silesia ratio level3 2.121 -> 2.119 (-0.09%), level4 2.214 -> 2.212 (-0.09%)	silesia_comp level3 203.6 -> 205.3 MB/s (+0.84%), level4 187.3 -> 185.7 MB/s (-0.85%)	silesia_decomp level3 460.1 -> 460.5 MB/s (+0.09%), level4 464.2 -> 464.1 MB/s (-0.02%)	acceptance=20 passed; gate2 fail; weighted not rerun	keep short-table reinsertion only at sparse matched-run boundaries and drop it for interior DFast sparse points
2ff55ce	baseline	weighted_ratio=0.2934; silesia ratio level3=2.121, level4=2.214	weighted_compress_mb_s=1228.4; silesia_comp level3=203.8 MB/s, level4=185.4 MB/s	weighted_decompress_mb_s=4939.6; silesia_decomp level3=459.4 MB/s, level4=463.9 MB/s	acceptance=20 passed; silesia_setup=ok; profile=dickens level3 lookup_dfast=45.49%, encode_sequences=22.73%, skip_dfast=13.68%, sink.matched push=5.79%, sink.literals slice index=3.81%, skip_dfast_miss_positions=1.34%	baseline for DFast table-maintenance and collector-overhead retry
2ff55ce	discard	silesia ratio unchanged at level3=2.121, level4=2.214	silesia_comp level3 203.8 -> 198.9 MB/s (-2.40%), level4 185.4 -> 182.3 MB/s (-1.67%)	silesia_decomp level3 459.4 -> 459.2 MB/s (-0.04%), level4 463.9 -> 465.2 MB/s (+0.28%)	acceptance=20 passed; gate2 fail; weighted not rerun	reuse one 8-byte load for DFast short+long hashes and split reinsertion into long-valid vs short-only loops
2ff55ce	discard	silesia ratio unchanged at level3=2.121, level4=2.214	silesia_comp level3 203.8 -> 205.1 MB/s (+0.64%), level4 185.4 -> 176.4 MB/s (-4.85%)	silesia_decomp level3 459.4 -> 459.4 MB/s (+0.00%), level4 463.9 -> 462.7 MB/s (-0.26%)	acceptance=20 passed; gate2 fail; weighted not rerun	preallocate full literal capacity and copy literal runs directly in SequenceCollector
74e9910	baseline	weighted_ratio=0.2934; silesia ratio level3=2.121, level4=2.214	weighted_compress_mb_s=1220.1; silesia_comp level3=204.7 MB/s, level4=186.5 MB/s	weighted_decompress_mb_s=4942.0; silesia_decomp level3=461.2 MB/s, level4=459.9 MB/s	acceptance=20 passed; silesia_setup=ok; profile=dickens level3 match_length=45.89%, encode_sequences=22.29%, skip_dfast=13.53%, parse_ranges_dfast=5.82%	baseline for DFast long-candidate and miss-seeding speed-recovery retries
74e9910	discard	silesia ratio level3 2.121 -> 2.119 (-0.09%), level4 2.214 -> 2.213 (-0.05%)	silesia_comp level3 204.7 -> 204.4 MB/s (-0.15%), level4 186.5 -> 186.3 MB/s (-0.11%)	silesia_decomp level3 461.2 -> 461.0 MB/s (-0.04%), level4 459.9 -> 462.6 MB/s (+0.59%)	acceptance=20 passed; gate2 fail; weighted not rerun	validate DFast long-table hits with 8-byte equality and extend matches from byte 8
74e9910	discard	silesia ratio level3 2.121 -> 2.127 (+0.28%), level4 unchanged at 2.214	silesia_comp level3 204.7 -> 201.9 MB/s (-1.37%), level4 186.5 -> 182.4 MB/s (-2.20%)	silesia_decomp level3 461.2 -> 458.4 MB/s (-0.61%), level4 459.9 -> 464.1 MB/s (+0.91%)	acceptance=20 passed; gate2 fail; weighted not rerun	raise the extra DFast miss-seeding midpoint threshold from 8 skipped bytes to 16
74e9910	discard	silesia ratio unchanged at level3=2.121, level4=2.214	silesia_comp level3 204.7 -> 204.5 MB/s (-0.10%), level4 186.5 -> 186.4 MB/s (-0.05%)	silesia_decomp level3 461.2 -> 456.6 MB/s (-1.00%), level4 459.9 -> 460.1 MB/s (+0.04%)	acceptance=20 passed; gate2 fail; weighted not rerun	remove `checked_sub`/`Option::map`/`next_multiple_of` overhead from DFast reinsertion and miss-seeding without changing seeded positions
af0f8cb	baseline	weighted_ratio=0.2934; silesia ratio level1=1.216, level3=2.121, level9=2.822, level19=3.167	weighted_compress_mb_s=1230.1; silesia_comp level1=749.8 MB/s, level3=203.7 MB/s, level9=20.8 MB/s, level19=3.3 MB/s	weighted_decompress_mb_s=4938.8; silesia_decomp level1=1671.0 MB/s, level3=461.0 MB/s, level9=384.6 MB/s, level19=463.8 MB/s	acceptance=20 passed; silesia_setup=ok	baseline for Optimal BT search-depth ratio retry
af0f8cb	discard	silesia ratio level16 3.101 -> 3.102 (+0.03%), level18 3.161 -> 3.162 (+0.03%), level19 3.167 -> 3.168 (+0.03%)	silesia_comp level16 5.1 -> 5.2 MB/s (+1.96%), level18 3.9 -> 4.0 MB/s (+2.56%), level19 3.3 -> 3.2 MB/s (-3.03%)	silesia_decomp level16 358.8 -> 472.1 MB/s, level18 351.5 -> 465.4 MB/s, level19 352.5 -> 463.7 MB/s (not directly comparable to the 1/3/9/19 baseline spread)	acceptance=20 passed; gate2 fail; weighted not rerun	increase Optimal BT search depth by one notch at levels 16-19
f87b074	baseline	weighted_ratio=0.2934; silesia ratio level1=1.216, level3=2.121, level9=2.822, level19=3.167	weighted_compress_mb_s=1218.0; silesia_comp level1=749.1 MB/s, level3=204.4 MB/s, level9=20.7 MB/s, level19=3.3 MB/s	weighted_decompress_mb_s=4924.7; silesia_decomp level1=1667.3 MB/s, level3=460.2 MB/s, level9=384.4 MB/s, level19=463.0 MB/s	acceptance=20 passed; silesia_setup=ok	baseline for cross-cutting literal-header completeness and abandoned-block shortcut retries
f87b074	discard	silesia ratio unchanged at level1=1.216, level3=2.121, level9=2.822, level19=3.167	silesia_comp level1 749.1 -> 748.6 MB/s (-0.07%), level3 204.4 -> 204.9 MB/s (+0.24%), level9 20.7 -> 20.9 MB/s (+0.97%), level19 unchanged at 3.3 MB/s	silesia_decomp level1 1667.3 -> 1664.6 MB/s (-0.16%), level3 460.2 -> 460.1 MB/s (-0.02%), level9 384.4 -> 384.2 MB/s (-0.05%), level19 463.0 -> 462.8 MB/s (-0.04%)	acceptance=20 passed; gate2 fail; weighted not rerun	retry omitted-final direct Huffman weights and 129-symbol direct-header support
f87b074	discard	silesia ratio unchanged at level1=1.216, level3=2.121, level9=2.822, level19=3.167	silesia_comp level1 749.1 -> 851.9 MB/s (+13.72%), level3 204.4 -> 207.6 MB/s (+1.57%), level9 20.7 -> 20.9 MB/s (+0.97%), level19 3.3 -> 3.2 MB/s (-3.03%)	silesia_decomp level1 1667.3 -> 1564.6 MB/s (-6.16%), level3 460.2 -> 458.6 MB/s (-0.35%), level9 384.4 -> 382.0 MB/s (-0.62%), level19 463.0 -> 461.1 MB/s (-0.41%)	acceptance=20 passed; gate2 fail; weighted not rerun	return raw blocks immediately when the compressed-block path produces no sequences or validation fallback
281d54f	baseline	silesia ratio level1=1.216, level3=2.121, level9=2.822, level19=3.167	silesia_comp level1=749.4 MB/s, level3=203.8 MB/s, level9=21.0 MB/s, level19=3.3 MB/s	silesia_decomp level1=1671.8 MB/s, level3=459.8 MB/s, level9=383.5 MB/s, level19=463.5 MB/s	acceptance=20 passed; weighted not run	baseline for repeat-offset encoder experiment
281d54f	discard	silesia ratio level1 1.216 -> 1.218 (+0.16%), level3 2.121 -> 2.134 (+0.61%), level9 2.822 -> 2.853 (+1.10%), level19 3.167 -> 3.201 (+1.07%)	silesia_comp level1 749.4 -> 728.1 MB/s (-2.84%), level3 203.8 -> 202.0 MB/s (-0.88%), level9 21.0 -> 20.7 MB/s (-1.43%), level19 3.3 -> 3.2 MB/s (-3.03%)	silesia_decomp level1 1671.8 -> 1647.0 MB/s (-1.48%), level3 459.8 -> 452.2 MB/s (-1.65%), level9 383.5 -> 378.3 MB/s (-1.36%), level19 463.5 -> 453.9 MB/s (-2.07%)	acceptance=20 passed; gate2 fail; weighted not run	encode repeat offsets in the block encoder and thread repeat-offset state across compressed blocks
1c35506	baseline	weighted_ratio=0.2934; silesia ratio level1=1.216, level3=2.121, level9=2.822, level19=3.167	weighted_compress_mb_s=1206.5; silesia_comp level1=748.8 MB/s, level3=202.8 MB/s, level9=20.6 MB/s, level19=3.3 MB/s	weighted_decompress_mb_s=4939.6; silesia_decomp level1=1642.0 MB/s, level3=460.7 MB/s, level9=382.9 MB/s, level19=463.0 MB/s	acceptance=20 passed; silesia_setup=ok	baseline for FSE-compressed Huffman weight header experiment
1c35506	crash	ratio not measured; benchmark crashed before completing level1	baseline unchanged before crash; release Silesia panic at level1 in decode_fse_weights	baseline unchanged before crash; no post-change decompression numbers	acceptance=20 passed before release benchmark; experiment reverted; panic=index out of bounds in src/huffman.rs decode_fse_weights while benchmarking zstd_rs level1	attempt a simplified FSE-compressed Huffman weight header path without the full spec-accurate NCount/two-state format
5288486	baseline	weighted_ratio=0.2934; silesia ratio level1=1.216, level3=2.121, level9=2.822, level19=3.167	weighted_compress_mb_s=1221.5; silesia_comp level1=751.8 MB/s, level3=204.2 MB/s, level9=20.8 MB/s, level19=3.3 MB/s	weighted_decompress_mb_s=4922.3; silesia_decomp level1=1675.4 MB/s, level3=460.6 MB/s, level9=383.7 MB/s, level19=462.7 MB/s	acceptance=20 passed; silesia_setup=ok; official level19 reference run stalled	baseline for repeat-offset-aware parser-scoring retry
5288486	discard	silesia ratio level1 1.216 -> 1.218 (+0.16%), level3 2.121 -> 2.134 (+0.61%), level9 2.822 -> 2.854 (+1.13%); level19 not completed after early gate fail	silesia_comp level1 751.8 -> 725.9 MB/s (-3.44%), level3 204.2 -> 195.6 MB/s (-4.21%), level9 20.8 -> 20.5 MB/s (-1.44%)	silesia_decomp level1 1675.4 -> 1637.1 MB/s (-2.29%), level3 460.6 -> 452.0 MB/s (-1.87%), level9 383.7 -> 379.8 MB/s (-1.02%)	acceptance=20 passed; gate2 fail before weighted rerun; experiment reverted	retry repeat offsets with parser-side repeat-aware scoring and cross-block repeat-offset state
056a9d6	baseline	weighted_ratio=0.2934; silesia ratio level1=1.216, level3=2.121, level9=2.822, level19=3.167	weighted_compress_mb_s=1236.5; silesia_comp level1=751.8 MB/s, level3=204.9 MB/s, level9=20.7 MB/s, level19=3.3 MB/s	weighted_decompress_mb_s=4942.6; silesia_decomp level1=1679.6 MB/s, level3=461.3 MB/s, level9=383.8 MB/s, level19=463.5 MB/s	acceptance=20 passed; silesia_setup=ok	baseline for level-gated repeat-offset encoding retry
056a9d6	keep	silesia ratio level16 3.101 -> 3.133 (+1.03%), level18 3.161 -> 3.194 (+1.04%), level19 3.167 -> 3.201 (+1.07%)	silesia_comp level16 5.1 -> 5.2 MB/s (+1.96%), level18 3.9 -> 4.0 MB/s (+2.56%), level19 3.1 -> 3.2 MB/s (+3.03%); weighted_compress_mb_s 1236.5 -> 1248.9 (+1.00%)	weighted_decompress_mb_s 4942.6 -> 4932.0 (-0.21%); silesia_decomp level19 463.5 -> 456.3 MB/s (-1.55%)	acceptance=20 passed; cargo_test=ok; weighted sanity clear; level16/18/19 Silesia clear	enable repeat-offset encoding only for Optimal BT levels and commit repeat-offset state only when emitting compressed blocks
d14e5a1	baseline	weighted_ratio=0.2934; silesia ratio level16=3.133, level18=3.194, level19=3.201	weighted_compress_mb_s=1241.1; silesia_comp level16=5.2 MB/s, level18=4.0 MB/s, level19=3.2 MB/s	weighted_decompress_mb_s=4941.3; silesia_decomp level16=467.4 MB/s, level18=460.0 MB/s, level19=457.5 MB/s	acceptance=20 passed; silesia_setup=ok	baseline for Optimal BT repeat-offset-aware parser pricing retry
d14e5a1	discard	silesia ratio level16 3.133 -> 3.136 (+0.10%), level18 3.194 -> 3.199 (+0.16%), level19 3.201 -> 3.207 (+0.19%)	silesia_comp level16 5.2 -> 5.1 MB/s (-1.92%), level18 4.0 -> 3.9 MB/s (-2.50%), level19 3.2 -> 3.1 MB/s (-3.12%)	silesia_decomp level16 467.4 -> 465.5 MB/s (-0.41%), level18 460.0 -> 438.0 MB/s (-4.78%), level19 457.5 -> 435.7 MB/s (-4.77%)	acceptance=20 passed; gate2 fail before weighted rerun; experiment reverted	thread repeat-offset state into the Optimal BT parser DP and price repcode-eligible matches along the cheapest path
acdd970	baseline	silesia ratio level13=2.875, level15=2.885	silesia_comp level13=17.5 MB/s, level15=16.3 MB/s	silesia_decomp level13=443.0 MB/s, level15=427.1 MB/s	acceptance=20 passed; official 13/15 comparison partially observed but official level15 run was stopped after our baseline numbers were captured	baseline for BtLazy2 repeat-offset level-gating experiment
acdd970	keep	silesia ratio level13 2.875 -> 2.900 (+0.87%), level15 2.885 -> 2.910 (+0.87%)	silesia_comp level13 17.5 -> 17.5 MB/s (+0.00%) then 17.6 MB/s on rerun; level15 16.3 -> 16.3 MB/s (+0.00%) on both runs	weighted_decompress_mb_s 4941.3 -> 4916.5 (-0.50%); silesia_decomp level13 443.0 -> 439.8 MB/s (-0.72%) then 441.4 MB/s on rerun, level15 427.1 -> 424.1 MB/s (-0.70%) then 425.5 MB/s on rerun	acceptance=20 passed; cargo_test=ok; weighted_ratio unchanged at 0.2934; weighted_compress_mb_s 1241.1 -> 1232.6 (-0.69%); weighted sanity clear	enable repeat-offset encoding for BtLazy2 as well as Optimal BT families
e603b9f	baseline	weighted_ratio=0.2934; silesia ratio level13=2.900, level15=2.910	weighted_compress_mb_s=1239.9; silesia_comp level13=17.6 MB/s, level15=16.3 MB/s	weighted_decompress_mb_s=4941.0; silesia_decomp level13=440.9 MB/s, level15=426.1 MB/s	acceptance=20 passed; weighted_baseline=ok; silesia_setup=ok	baseline for BtLazy2 parser-quality follow-ups after repeat-offset gating
e603b9f	discard	silesia ratio level13 2.900 -> 2.812 (-3.03%); level15 not completed after early gate fail	silesia_comp level13 17.6 -> 9.9 MB/s (-43.75%); run aborted before level15 after level13 gate fail	silesia_decomp level13 440.9 -> 392.2 MB/s (-11.05%); level15 not measured	acceptance=20 passed; gate2 fail at level13; experiment reverted	reinsert BtLazy2 matched-run interior positions into the binary tree with sparse `bt_find_insert` calls
e603b9f	discard	silesia ratio level13 2.900 -> 2.908 (+0.28%), level15 2.910 -> 2.919 (+0.31%)	silesia_comp level13 17.6 -> 14.9 MB/s (-15.34%), level15 16.3 -> 13.9 MB/s (-14.72%)	silesia_decomp level13 440.9 -> 458.4 MB/s (+3.97%), level15 426.1 -> 441.4 MB/s (+3.59%)	acceptance=20 passed; gate2 fail; experiment reverted	extend BtLazy2 lazy lookahead from 2 positions to 3
e603b9f	discard	silesia ratio level13 2.900 -> 2.910 (+0.34%), level15 unchanged at 2.910	silesia_comp level13 17.6 -> 16.6 MB/s (-5.68%), level15 unchanged at 16.3 MB/s	silesia_decomp level13 440.9 -> 443.1 MB/s (+0.50%), level15 426.1 -> 423.9 MB/s (-0.52%)	acceptance=20 passed; cargo_test test_for_level_=ok; gate2 fail; experiment reverted	raise BtLazy2 search depth by one notch at levels 13-15
7de3308	discard	weighted_ratio unchanged at 0.2934	weighted_compress_mb_s 1239.9 -> 1182.3 (-4.65%)	weighted_decompress_mb_s 4941.0 -> 4904.3 (-0.74%)	acceptance=20 passed; cargo_test=ok; gate1 fail; Silesia skipped after negative weighted signal	cache the Huffman decode lookup table inside `HuffmanTable`
7de3308	discard	weighted_ratio unchanged at 0.2934	weighted_compress_mb_s 1239.9 -> 1193.5 (-3.74%)	weighted_decompress_mb_s 4941.0 -> 4947.9 (+0.14%)	acceptance=20 passed; cargo_test=ok; gate1 fail; Silesia skipped after sub-threshold weighted result	reuse one Huffman decode lookup per literals section and across 4-stream literal decoding
da39c39	baseline	silesia ratio level13=2.900, level15=2.910; weighted_ratio=0.2934	silesia_comp level13=17.5 MB/s, level15=16.2 MB/s; weighted_compress_mb_s=1237.4	silesia_decomp level13=440.1 MB/s, level15=425.0 MB/s; weighted_decompress_mb_s=4941.0	acceptance=20 passed; silesia_setup=ok; weighted_baseline=ok	baseline for BtLazy2 selective third-lookahead retry
da39c39	discard	silesia ratio level13 2.900 -> 2.864 (-1.24%); level15 not completed after early gate fail	silesia_comp level13 17.5 -> 14.0 MB/s (-20.00%); run aborted before level15 after level13 gate fail	silesia_decomp level13 440.1 -> 406.0 MB/s (-7.75%); level15 not measured	acceptance=20 passed; gate2 fail at level13; weighted skipped after early failure	selective BtLazy2 third lookahead plus literal-aware local match costing
ba0b5ed	baseline	weighted_ratio=0.2934; silesia ratio level6=2.588, level8=2.793, level12=2.957	weighted_compress_mb_s=1198.6; silesia_comp level6=64.4 MB/s, level8=25.2 MB/s, level12=6.3 MB/s	weighted_decompress_mb_s=4939.6; silesia_decomp level6=361.2 MB/s, level8=382.1 MB/s, level12=408.1 MB/s	acceptance=20 passed; silesia_setup=ok; weighted_baseline=ok	baseline for Lazy/Lazy2 repeat-offset level-gating experiment
ba0b5ed	keep	silesia ratio level6 2.588 -> 2.612 (+0.93%), level8 2.793 -> 2.824 (+1.11%), level12 2.957 -> 2.987 (+1.01%)	silesia_comp level6 64.4 -> 64.1 MB/s (-0.47%), level8 25.2 -> 25.2 MB/s (+0.00%) then 24.9 MB/s on rerun, level12 unchanged at 6.3 MB/s; weighted_compress_mb_s 1198.6 -> 1224.0 (+2.12%)	weighted_decompress_mb_s 4939.6 -> 4933.8 (-0.12%); silesia_decomp level6 361.2 -> 359.1 MB/s (-0.58%), level8 382.1 -> 379.5 MB/s (-0.68%) then 380.4 MB/s on rerun, level12 408.1 -> 406.2 MB/s (-0.47%)	acceptance=20 passed; cargo_test=ok; confirmed on rerun; weighted sanity clear	enable repeat-offset encoding for Lazy and Lazy2 families in addition to the existing BT gates
043d757	baseline	weighted_ratio=0.2934; silesia ratio level1=1.216, level3=2.121, level9=2.853, level19=3.201	weighted_compress_mb_s=1215.4; silesia_comp level1=744.4 MB/s, level3=204.4 MB/s, level9=20.7 MB/s, level19=3.2 MB/s	weighted_decompress_mb_s=4938.4; silesia_decomp level1=1686.6 MB/s, level3=459.3 MB/s, level9=380.2 MB/s, level19=458.8 MB/s	acceptance=20 passed; cargo_test=ok; silesia_setup=ok; weighted_baseline=ok	baseline for direct-Huffman implied-final-weight retry on current head
043d757	discard	weighted_ratio not rerun; silesia ratio level1 1.216 -> 1.219 (+0.25%), level3 2.121 -> 2.122 (+0.05%), level9 2.853 -> 2.858 (+0.18%), level19 3.201 -> 3.205 (+0.12%)	silesia_comp level1 744.4 -> 744.1 MB/s (-0.04%), level3 204.4 -> 204.5 MB/s (+0.05%), level9 20.7 -> 20.8 MB/s (+0.48%), level19 3.2 -> 3.3 MB/s (+3.13%)	silesia_decomp level1 1686.6 -> 1617.4 MB/s (-4.10%), level3 459.3 -> 451.8 MB/s (-1.63%), level9 380.2 -> 378.5 MB/s (-0.45%), level19 458.8 -> 455.9 MB/s (-0.63%)	acceptance=20 passed; cargo_test=ok; gate2 fail; weighted skipped after sub-visible Silesia ratio gains	retry direct Huffman implied-final-weight serialization to allow 129 active symbols
db7612c	baseline	weighted_ratio=0.2934; silesia ratio level5=2.588	weighted_compress_mb_s=1221.2; silesia_comp level5=64.6 MB/s	weighted_decompress_mb_s=4929.1; silesia_decomp level5=361.0 MB/s	acceptance=20 passed; silesia_setup=ok; weighted_baseline=ok	baseline for level-5 Greedy-family recovery experiments
db7612c	discard	silesia ratio level5 2.588 -> 2.612 (+0.93%)	silesia_comp level5 64.6 -> 63.5 MB/s (-1.70%)	silesia_decomp level5 361.0 -> 357.6 MB/s (-0.94%)	acceptance=20 passed; gate2 fail; weighted not rerun	enable repeat-offset encoding for Greedy level 5
db7612c	discard	silesia ratio level5 2.588 -> 2.612 (+0.93%) on both runs	silesia_comp level5 64.6 -> 64.2 MB/s (-0.62%), then 63.9 MB/s (-1.08%) on rerun	silesia_decomp level5 361.0 -> 358.1 MB/s (-0.80%), then 357.4 MB/s (-1.00%) on rerun	acceptance=20 passed; gate2 fail; rerun confirmed the small compression regression retune level 5 onto the Lazy family (level-6-style parameters) so it can use the kept repeat-offset path
60e9103	baseline	weighted_ratio=0.2934; silesia ratio level5=2.588, level6=2.612, level8=2.824, level12=2.987	weighted_compress_mb_s=1216.4; silesia_comp level5=64.3 MB/s, level6=64.3 MB/s, level8=24.9 MB/s, level12=6.2 MB/s	weighted_decompress_mb_s=4933.0; silesia_decomp level5=359.1 MB/s, level6=358.1 MB/s, level8=375.8 MB/s, level12=404.8 MB/s	acceptance=20 passed; silesia_setup=ok; weighted_baseline=ok	baseline for parser-side repeat-offset probe experiments on Greedy/Lazy families
60e9103	discard	silesia ratio level5 2.588 -> 2.633 (+1.74%), level6 2.612 -> 2.633 (+0.80%), level8 2.824 -> 2.843 (+0.67%), level12 2.987 -> 3.002 (+0.50%)	silesia_comp level5 64.3 -> 57.2 MB/s (-11.04%), level6 64.3 -> 56.8 MB/s (-11.66%), level8 24.9 -> 22.7 MB/s (-8.84%), level12 6.2 -> 6.1 MB/s (-1.61%)	silesia_decomp level5 359.1 -> 360.1 MB/s (+0.28%), level6 358.1 -> 359.6 MB/s (+0.42%), level8 375.8 -> 382.8 MB/s (+1.86%), level12 404.8 -> 408.6 MB/s (+0.94%)	acceptance=20 passed; gate2 fail; weighted skipped after out-of-budget Silesia compression regression	probe repeat-offset candidates directly inside Greedy and Lazy parser decisions, including literal-separated repeats
60e9103	discard	silesia ratio level5 2.588 -> 2.628 (+1.55%), level6 2.612 -> 2.628 (+0.61%), level8 2.824 -> 2.831 (+0.25%), level12 2.987 -> 2.991 (+0.13%)	silesia_comp level5 64.3 -> 60.3 MB/s (-6.22%), level6 64.3 -> 60.3 MB/s (-6.22%), level8 24.9 -> 23.7 MB/s (-4.82%), level12 unchanged at 6.2 MB/s	silesia_decomp level5 359.1 -> 361.0 MB/s (+0.53%), level6 358.1 -> 358.2 MB/s (+0.03%), level8 375.8 -> 379.4 MB/s (+0.96%), level12 404.8 -> 407.5 MB/s (+0.67%)	acceptance=20 passed; gate2 fail; weighted skipped after out-of-budget Silesia compression regression	limit the parser-side repeat-offset probe to zero-literal repeat chains only
